request_index,transaction_id,status_code,status_label,latency_ms
0,009a2680-39a6-4b33-b778-c503f6c40ccc,201,success,2101.38
1,3ff22e05-3e03-4f54-ba28-5f1115069413,201,success,2083.06
2,eb6cd7a1-a8b8-4d73-bfd8-817608e8db2b,201,success,2092.54
3,1fea748d-936e-460a-9925-e98f56154f35,201,success,2066.07
4,f00f8110-f92c-429f-8ff5-1a3766ddb57c,201,success,2093.82
5,bc051a0f-abf4-48e4-aca0-d56976379502,201,success,2089.41
6,acf87cca-c0a7-4702-aa68-e08a91dbcca8,201,success,2079.86
7,749405de-b24f-4119-98c2-7aad564c09cb,201,success,2070.56
8,f97c379c-313e-4816-9030-63bb5eaa6647,201,success,2076.52
9,b26abd23-8ac6-4d45-a8af-667ab9a516bf,201,success,2070.72
10,deabbc74-5a3d-4062-88f7-067e466b0b2b,201,success,2078.71
11,d20f47b7-bb11-4f28-9d9d-acef68b1e84c,201,success,2094.04
12,0a9c7bf1-0071-47df-8cda-14888748a80e,201,success,2083.68
13,bf547436-aa88-4dc5-aadd-a42e6fa4323a,201,success,2091.86
14,7b931f14-3388-418f-8d0f-84d4b8bc9cf3,201,success,2081.27
15,8d791375-b074-42a8-9de6-425397bbe3fe,201,success,2094.18
16,83d9fb78-e984-4939-8fc1-da7675356cac,201,success,2069.56
17,27bf2cce-fd90-4a3c-9166-100b5674563a,201,success,2095.43
18,3f734aa4-cb4a-43fd-bf5f-a412b864419d,201,success,2092.95
19,fdfdb5e8-aaed-4caf-b4f4-07c9f944604c,201,success,2084.58
20,ff25d64d-6f71-4cab-a0ed-3b55ebecb378,201,success,2074.57
21,485857b1-babf-4a5a-b4bd-ead6b22cfe70,201,success,2081.72
22,775b7006-645e-4d08-90a0-914d7f360bb6,201,success,2080.98
23,0cd25593-f949-4400-9f0f-2bb2e0fd94ad,201,success,2078.23
24,bfd1ffb7-28fb-4fd5-bed9-63ba05c2afe0,201,success,2067.86
25,ed896c16-3d74-4377-9729-42fddcfdb68d,201,success,2080.84
26,df419f66-620d-4ef6-b567-a1a6d9149f59,201,success,2071.74
27,cabc14fe-4de9-4167-b083-963a4cc0e874,201,success,2070.36
28,0ae1ac35-6edb-4024-8837-f7c37b435c7f,201,success,2075.61
29,78c1f206-d9d8-40bc-b58f-b9f297cc9dce,201,success,2082.81
30,47e67b77-3179-48be-ba49-f0920bb633db,201,success,2059.44
31,db8fa6b8-d61d-4b0e-a04a-2cadad3b50ea,201,success,2070.49
32,7bdfdb2b-8059-4c7f-b04b-dbc106423461,201,success,2086.21
33,3eee71a5-9495-4b1a-ba40-eab074c36325,201,success,2082.06
34,4f640861-1dee-4ae1-ad52-ea31646f2076,201,success,2084.54
35,598e4d2b-5615-4abe-8d19-8e3baf1b4405,201,success,2070.73
36,bec78ac7-f6e4-4562-98ee-76ecf8beca3f,201,success,2064.89
37,637a71eb-703b-402b-af49-dfeb5382ad27,201,success,2060.79
38,7ecfc73e-0a22-4240-9b36-88181ddd8202,201,success,2079.9
39,436d98e9-6e6b-4fde-be5c-0984cbe9c09c,201,success,2061.51
40,7e4f101e-fdd7-4fc9-a58c-29dbd69b1eb4,201,success,2062.61
41,aa83da9b-7528-4e7c-8213-9e0e88a46576,201,success,2096.94
42,0556f002-b825-43e0-a0d7-f8cdf67f37e8,201,success,2088.88
43,1fbbef40-a31e-4e83-9c11-72905d388a84,201,success,2094.62
44,0146de1d-e7b6-4312-8105-56d669def54b,201,success,2082.5
45,0c9902a7-0334-4ca2-98e9-fa2f1332fd40,201,success,2095.3
46,a6c1aa1f-ade9-4f81-885c-12ae439d87d2,201,success,2097.46
47,9e53c63a-3433-4502-9805-a58f9bf2f762,201,success,2084.17
48,bb6586f2-451a-4164-8bd2-27149e2f5fc5,201,success,2090.73
49,8a793b50-003a-4cec-9550-20bb91ee4e4a,201,success,2086.35
50,443291a7-58f3-4b61-9bda-d91b4b498caf,201,success,2098.65
51,5b390b67-4b24-4629-bebd-401ba4f06aba,201,success,2057.99
52,e0b62e36-63e1-4f7e-b917-f20a107d9179,201,success,2071.54
53,76e30475-db0d-414a-bac7-00ff52a2d35c,201,success,2125.01
54,39a1d664-550b-4258-8000-109ad638ed32,201,success,2089.45
55,06735032-de31-4962-9f95-8daf689984ad,201,success,2086.87
56,17df15c2-6428-49f2-a8fa-ac46936ba4a8,201,success,2116.86
57,ec75148f-5d70-4c15-837d-a3cacee3ff08,201,success,2114.95
58,2e5f6ca4-45e3-4c14-9d21-cd80bd0c3183,201,success,2120.76
59,c9fd27c7-6395-423b-93c9-212902e3a87f,201,success,2114.38
60,0105cccc-5c04-419d-a8b9-e51e133a8020,201,success,2079.38
61,ea54176e-519b-414f-8469-75e6f279b898,201,success,2090.34
62,e70056af-e237-4afb-b65f-528583fed87f,201,success,2074.88
63,2b18d5b2-67dc-4f4d-8333-ddfc8c193675,201,success,2084.0
64,6ddfd46d-3fe5-4133-9499-ad1d52e77689,201,success,2081.38
65,cf1944d1-e8c6-431d-b159-b4f0ee6f093e,201,success,2083.95
66,7ba2eaef-29af-4f52-b277-33e241890580,201,success,2090.69
67,7326b260-60a6-4909-9cd1-447dcfbc1b65,201,success,2078.87
68,b7d81fb6-7f55-4aaa-b44f-187701d805de,201,success,2079.95
69,7d70d72b-6041-4bda-a6b6-c33e1f59f6bd,201,success,2089.15
70,bd17e197-b45c-4bb5-8cd0-496a34a6f4e4,201,success,2085.85
71,c98b06ec-2f5a-4a93-9b95-d70e36f0fee6,201,success,2072.98
72,9c1ad4fb-cfef-4755-a1bb-3b2a762ba6d4,201,success,2072.67
73,bb87a786-3fd3-48b4-9364-6f2b67495c62,201,success,2071.2
74,afd105c7-e5ab-43f9-b1e8-24a6c9bdcfcb,201,success,2083.22
75,5b0e199c-3114-4079-b7d6-d550c01bf716,201,success,2109.64
76,89033e24-8b39-406d-ad51-c047eabe7cd8,201,success,2075.7
77,73a61a2d-24fd-4938-b660-4858ef63b546,201,success,2109.63
78,db904158-9941-445a-b584-54672da903c1,201,success,2101.73
79,24b0ac04-7463-45bb-a0cb-b8e772140140,201,success,2100.4
80,b3b8b508-0bef-423f-93b5-9075bd545dc8,201,success,2083.36
81,3ab8b795-117e-434c-9603-9e2837095f95,201,success,2073.57
82,d2d657f4-705c-41f3-9b65-96912d772403,201,success,2076.64
83,da815a5e-73df-4964-8fd8-bf6172bade4b,201,success,2070.12
84,3b3f086e-416f-4432-b8bf-40f8363fdc58,201,success,2089.32
85,877cb593-56d1-4a4f-8a6a-9c8d66d0743b,201,success,2075.08
86,384b482e-a7bb-4414-b634-b797fa59ac08,201,success,2085.38
87,52318643-e7b9-4a0c-ba56-51253cc78587,201,success,2068.75
88,4c1e1226-52a4-4a0a-aec0-bcea9f26d5d8,201,success,2082.13
89,b16ce097-2fbf-410e-b2ac-45fe4b34732b,201,success,2080.4
90,fa6b7fc7-3147-4891-acbc-f0088379cbfd,201,success,2082.31
91,77ae8f80-90dc-4018-b44d-366d8965e66a,201,success,2086.02
92,7dcf3b07-4e4c-45da-b587-e1883af12390,201,success,2100.76
93,2cd4787b-83c5-47b9-b78e-a065b04c2778,201,success,2081.87
94,d7f3deb6-c61d-4d15-acce-8ae90adaeaf8,201,success,2072.63
95,0b5437c9-38da-48a4-b6cb-77fbd438d1df,201,success,2087.19
96,efd8d43b-f616-4251-a2bb-50b35914ddbe,201,success,2074.91
97,7ffadb65-68c4-4186-8b3e-c5b23b0b7084,201,success,2065.3
98,57a75bae-7a60-444f-83f8-b6cace37e31d,201,success,2072.85
99,79138bbe-ed8d-4716-bf1e-a3eaac35a7f1,201,success,2072.66
100,fa46c5f2-1951-4d12-84a4-84d6a46505b7,201,success,2076.06
101,d6b65824-1f27-4cb3-953c-3b1f789970f7,201,success,2065.42
102,f9fcbf73-43fc-446d-a4c6-e72ed0f56720,201,success,2062.6
103,9e6305ef-d8de-4eec-8e63-340727b07d05,201,success,2072.38
104,4d3556d7-6263-4aff-9e47-65921781eb82,201,success,2064.99
105,20207577-54da-4f2c-89b0-64ad5a75caff,201,success,2086.05
106,ca23afd7-131b-4139-b8b6-004aa9f10a0e,201,success,2073.38
107,85ff582e-c1f2-409c-8743-11a776eabd2c,201,success,2069.75
108,355661c7-d53f-4ca8-977a-c8e608d928b2,201,success,2068.81
109,7489eef5-5ac6-49b1-9e1c-d1b10eaa3140,201,success,2070.29
110,dbcddfe8-8b50-4cbf-9435-b73ce1aa1761,201,success,2083.56
111,b117f69e-4972-49a8-9afd-fc92574ea1b5,201,success,2069.18
112,b591e15f-6aef-4d75-b8f7-37ff96f8b898,201,success,2086.57
113,4d466811-6b5a-4609-b035-36413fb3ff42,201,success,2074.19
114,122a3f0a-cef9-48d3-a578-4e918873a19b,201,success,2067.94
115,de7ed0cb-05bb-4cb7-90c6-3b0f746222c7,201,success,2067.52
116,9eeaa614-11fa-48d6-b526-79284d535ca0,201,success,2076.53
117,2fd52317-728c-48bd-9345-d7cb7690b7f6,201,success,2092.15
118,c53789f7-4300-4720-8841-2cab38db8cbb,201,success,2064.7
119,502526da-c9b9-4814-a919-0c22877177a3,201,success,2093.81
120,51e0580c-e43e-43ac-b914-eb5f9f21f3bb,201,success,2084.36
121,f80e4384-0441-47e2-9313-ce12b3953b51,201,success,2092.95
122,4e353ed7-5c36-4b73-9224-13a360395df6,201,success,2103.09
123,3628df94-2150-4661-9313-792841177be5,201,success,2103.62
124,43ef0913-066c-45ef-989d-bf00806f458b,201,success,2093.3
125,551cfcc5-6d3a-4726-a53c-13c9f6134a5e,201,success,2075.22
126,bb54ba70-0850-437d-a8f8-153b517168b3,201,success,2090.35
127,a51fe502-9e97-4d01-b85e-dc40b380cad1,201,success,2072.85
128,7685a2ce-19d5-4751-81a1-c659c60dc3fa,201,success,2073.11
129,36ee2c8e-25c6-44cb-8a6a-b35a76def7f1,201,success,2087.15
130,c8a645f0-fc5c-4625-abe2-7fd548109e25,201,success,2100.14
131,8594b092-9374-4cab-b478-a7b7201c3862,201,success,2078.54
132,16d11f81-6b36-4c28-8a8c-ed167aea04bc,201,success,2079.68
133,ccb1c0d2-bb93-405a-8330-74f30f9a718f,201,success,2081.37
134,67ae20a4-b7bf-4907-b8ab-c24ae1e12ada,201,success,2081.72
135,8ee0114e-a105-4722-9041-940455c60d27,201,success,2087.38
136,857461d5-5a71-45ae-922c-14ce32c5a848,201,success,2070.28
137,828dff08-a625-4324-8924-25dde1b7a0b8,201,success,2090.14
138,1bcf4813-cd5c-4164-a4cf-ce9586fb343f,201,success,2092.18
139,085f10bc-63be-4cd0-80b2-6388c80c159e,201,success,2069.69
140,8efb8e34-2877-478c-be9e-67acc2804c06,201,success,2077.59
141,008df17b-0206-4e76-988a-e81986d2bf5b,201,success,2097.18
142,9f03eb85-d969-49d2-8a7d-144f0e591fa0,201,success,2097.22
143,7d79622b-299d-4f8c-bf3b-d736a91e4fb8,201,success,2080.29
144,e75595d3-4173-4394-a1ab-d372db6bfe9e,201,success,2076.93
145,98ab788e-6a6c-45c5-bcbb-81b4ea67f31a,201,success,2086.69
146,324df011-024b-4388-a41a-c6b3eb8fecd3,201,success,2076.71
147,370cacaa-1b03-4ae3-acf8-dfc2330047e5,201,success,2068.95
148,e975e311-2fd6-4476-b966-60ae9533010b,201,success,2081.69
149,ca326b0b-0922-4f4a-a891-55ed72014ae0,201,success,2106.82
150,6d392469-3d48-482a-ab51-7157f3e7bba2,201,success,2081.48
151,99490216-8046-4678-990f-d91347147dc6,201,success,2090.2
152,5d0734f3-5edf-4b2a-8456-848b585f9d6d,201,success,2083.4
153,238976f4-9d7b-4bb4-881c-547148fb779e,201,success,2080.02
154,b3942c9b-1693-4c78-a660-eb821b1df185,201,success,2074.67
155,c47f64ec-9468-4066-9be3-eaa41434f66b,201,success,2074.87
156,c4cb61e0-3990-4592-b943-9a0c3b90d36e,201,success,2084.66
157,4ad38cb9-12bd-4b16-8aab-38d03361af32,201,success,2082.22
158,99ddac1a-d6bf-4ca5-a5f0-5374a92a3e65,201,success,2099.2
159,1aa4dd32-6662-46cd-907b-5a86923d0527,201,success,2084.29
160,797133b7-ef25-4ffe-8f8a-7fd97d656fe1,201,success,2066.08
161,d937ea71-4547-4816-95f0-311467328d72,201,success,2050.41
162,c96cab2d-5697-41c5-8ed6-0bb72891178a,201,success,2076.46
163,a1fdd99f-7e57-4b8b-b6f9-b79941c78a01,201,success,2079.79
164,f828b5ba-3c60-409a-ac32-0c5e957af031,201,success,2077.8
165,939eb792-62f5-4301-9bfa-23f2d68019ad,201,success,2091.56
166,340df3a3-df93-4d21-ad88-6b29adb35349,201,success,2067.42
167,1690b971-0ba4-479d-b111-12e96c0885c2,201,success,2078.27
168,cac378d6-a152-433a-a3b4-de3812810427,201,success,2081.35
169,be05ccab-5634-4ec9-8764-0d901c09af37,201,success,2109.96
170,57d2cf9d-c271-490f-82c6-874f599f1048,201,success,2068.42
171,b321ffd9-2a7a-4cb6-bfe1-a08aa4daf030,201,success,2085.08
172,73849172-b154-4893-bc10-e758c53dc326,201,success,2082.99
173,bc884a49-0f1a-4431-8906-1ffc0e630573,201,success,2066.18
174,8cd7bbc0-092a-48cc-8013-d9b7c5694d2b,201,success,2090.96
175,e1a9a1a3-5cb4-41c5-bd2d-3951717bb1f7,201,success,2090.98
176,25969144-13a7-46bc-a1ce-58a396f704c6,201,success,2077.8
177,74a6bae5-7e59-46a3-8bd3-2e0d8a51f04b,201,success,2092.77
178,0dd43f80-0ad3-45cc-896c-458d81df0dd3,201,success,2067.63
179,817aac76-2d24-4087-a11f-9e48e6816ab7,201,success,2067.95
180,daa18268-acce-46a6-9707-ce13fa6a8394,201,success,2066.81
181,a3cb16eb-623d-4a52-b1d4-e9cb2732b70a,201,success,2052.26
182,7b30e300-dce0-4892-835b-d12850ec71c9,201,success,2050.93
183,5aef0b3b-09eb-481a-a38e-491ee416b343,201,success,2053.25
184,c3d975f8-81ea-4023-954e-ce783400a7b8,201,success,2064.74
185,2b14796d-fa7d-4e01-b76d-c070262d95c2,201,success,2067.39
186,0d46e12a-4344-482c-a365-66ada3585459,201,success,2059.33
187,f5894736-7813-4dd1-8dc8-ff577d0d9d8d,201,success,2054.73
188,05444984-6ea6-4c43-bfce-2b0c15568fb1,201,success,2074.33
189,59aafd37-90ab-46c8-a4e8-fe9903b20631,201,success,2072.87
190,0e91a517-28c4-4d4c-97f1-3fedeb0ccef4,201,success,2066.43
191,dd37dd0f-1ec4-4d8a-97de-c4f9f3c49e41,201,success,2068.71
192,841174d2-2f1b-4580-b8f7-b5273c375870,201,success,2068.82
193,dd06bbfe-672e-414e-9f35-32d1c193bc97,201,success,2070.71
194,997b59aa-a9eb-4e3d-8446-171dc307b37d,201,success,2075.98
195,75607e00-0270-4593-82dc-5db4da6b6b07,201,success,2069.08
196,765cab87-547d-4b88-892d-10a7eca6a6b7,201,success,2093.88
197,1e9cb67c-dc72-41ff-876d-d9013f4c08ef,201,success,2080.79
198,b834150b-d908-49d9-a9e1-22f61029b90e,201,success,2073.76
199,7bfe66a4-c62b-4d3a-96b9-bca38c3b5492,201,success,2074.46
200,24539823-170c-4efd-a1c0-a1bf9cfc7faf,201,success,2078.17
201,be0eb053-f9ee-4e90-adad-56ee1c09f124,201,success,2065.87
202,f46712bb-74cb-4934-9e86-204adb82afec,201,success,2075.39
203,43a61320-1eea-4f2e-95e2-f37d69231caf,201,success,2062.65
204,de4de309-4886-49c6-a57f-b6ddf0a43b4a,201,success,2084.87
205,967a2a59-37f5-412c-afb6-6d96e3ed5b7f,201,success,2057.81
206,b6ec1911-a493-4141-8bef-6ee9109a2b8b,201,success,2065.1
207,eb090ff0-718d-44c4-b618-222aafb06808,201,success,2089.53
208,2692d590-3749-434f-bf80-e4ef57d78800,201,success,2094.44
209,20409d9e-2163-48a9-a6ab-c0e4ffe90381,201,success,2079.55
210,c06c63b2-316e-4a53-9094-53d4ed7a7a7f,201,success,2078.65
211,68186637-71cf-49a9-9c0c-63792c7dc59d,201,success,2092.03
212,0c72d47a-b3d5-4df9-bed8-6704ddc2180e,201,success,2090.03
213,2f4469ae-282c-4bfe-974b-192dc8b2b0c1,201,success,2077.06
214,881a76f4-d14f-41c4-bc34-5348ee452e36,201,success,2124.73
215,c41e0378-db67-45f5-a504-16ed189fc215,201,success,2106.05
216,78135b5d-935e-4964-aefa-34bc5e750886,201,success,2087.57
217,d61e6378-6e08-4d46-a478-598a68c75437,201,success,2106.04
218,91d743ec-3e2b-463d-9aa9-dcc7128cee39,201,success,2093.96
219,d2e7a096-a844-48c1-b828-9dce70d9843f,201,success,2079.86
220,abd45e46-1892-486c-b8a1-def7b3e9ef9d,201,success,2081.13
221,7a092dc6-8351-4888-bc3a-b8eebc9703ec,201,success,2092.12
222,d471a07b-36ee-4c33-815c-4444cca3603f,201,success,2084.34
223,2b1187bf-0af0-4487-bd19-cff239e2ca9c,201,success,2072.53
224,67dc9fe1-fd59-4a62-a02b-b6f051f87240,201,success,2087.67
225,0f527300-7b75-4688-bf56-57c918af9b3b,201,success,2086.85
226,73e5e0c1-665c-41eb-8b01-bdf4027435ea,201,success,2097.49
227,6ba25ec1-4c6d-4f8a-ad84-47af8326459a,201,success,2067.94
228,c32cf8dc-a5e3-4e4a-a8fd-d0efe8edd894,201,success,2067.87
229,9b5e0f46-dbc3-47cd-a56c-ff05f4050d08,201,success,2080.62
230,bca73d87-e434-45d5-9ea5-7a578136bc8a,201,success,2079.93
231,784e191d-abbb-47d2-b5de-0f621c1017fc,201,success,2069.18
232,ddabde25-18e0-47db-b838-b812d51e07d1,201,success,2078.0
233,a796c97d-8219-4c16-91a9-b147b6877791,201,success,2074.6
234,f091db01-8733-477a-badb-058d006c7e18,201,success,2076.88
235,bce54819-dfb3-463b-94bf-6b8efbe96509,201,success,2077.75
236,a02dfa9a-4fd7-40b6-8404-3af0853c64d8,201,success,2066.29
237,a61dd00f-a96c-4ef4-a123-a92a72e14e45,201,success,2081.8
238,7424ff4d-45a9-4d4d-b94e-5ac187ff7120,201,success,2093.89
239,47bdf0bb-ae88-4784-a39f-5f0a1090f191,201,success,2096.43
240,f3d1e046-0725-4aec-ac01-85466755d08e,201,success,2091.16
241,83ad6f8b-9bed-40f4-b358-15120eb90d57,201,success,2091.32
242,d75a80a0-09b1-4f6d-bba4-4877ad68c326,201,success,2085.42
243,11b98487-0a5c-407e-a86f-d31a633bb690,201,success,2072.15
244,312ebf69-d1f1-4fe3-9261-25f84bf75192,201,success,2078.09
245,acab19d5-66f7-4091-a34e-b084caf3b4fd,201,success,2071.69
246,c4476a21-f0ee-4c1a-872a-90ccc7dcbba5,201,success,2075.7
247,2f57c4f5-685d-4298-bf6a-04b6233c66e6,201,success,2083.76
248,c1c43ea4-9d53-4483-abae-184843a5b3fe,201,success,2070.59
249,f44afb84-841f-43bc-948b-97f99cbf7ae6,201,success,2086.62
250,ebf4aa4d-ee6b-4a04-bdf4-b9c2302d962c,201,success,2073.86
251,c0e80ff3-c4e6-46d8-b8b9-543e460035e2,201,success,2091.82
252,b145ebd5-4b90-4f8a-b41f-0c708777acd6,201,success,2084.94
253,5f8deebb-13b1-46eb-b329-14d05d498f1d,201,success,2059.64
254,9db49443-b13c-4dc3-8520-fdf8e189d23c,201,success,2074.31
255,b4c64cab-3dc8-48e0-8bc0-1c3919b7ac9d,201,success,2100.01
256,431edda8-805d-453d-b686-9901c934fed3,201,success,2071.52
257,ddb84c6a-d067-4bcb-9270-5c8908b449cb,201,success,2061.14
258,ad16f07a-6b11-464b-bf29-0a8b36a52318,201,success,2074.81
259,4f89eb7f-4ad7-45b2-b92b-cc40a0bf7d5e,201,success,2075.7
260,672f7c71-9650-4021-b3e5-1ee5d6cb77b0,201,success,2075.02
261,c51cfde1-fe17-4f54-b725-84916a6a1557,201,success,2117.19
262,3b55172f-74e1-40cb-8461-a481a209e90d,201,success,2101.2
263,7cb733f4-a908-4ec8-a9bc-a63c4f0f60c9,201,success,2073.21
264,72c267d6-6fb9-4ca8-be8a-9c8cb6676278,201,success,2070.46
265,1ef1c43d-6f6a-4976-95fa-e61885b4196a,201,success,2082.94
266,609fe4cb-23e4-47ef-bba9-3083ef990857,201,success,2071.58
267,dcd8df73-f3d6-4176-b360-d0e7a10c151b,201,success,2084.11
268,ad9fb289-c2ee-4d1c-9c61-5217b54f7505,201,success,2073.39
269,68b7ff54-06bc-41c1-b71f-b25d60bda859,201,success,2069.35
270,6c48ca6f-aef8-4c52-8325-e8278b3df5aa,201,success,2070.59
271,5947671d-670f-42fc-a98c-73b4d71e564a,201,success,2087.64
272,269eecf0-3088-4cb1-8178-d19a2cc41292,201,success,2064.68
273,af3448d6-3bce-4f19-a92f-dfc2d8c529d7,201,success,2074.26
274,897a8388-9948-42ef-ab4a-4bf05f063c46,201,success,2066.0
275,f5fe5384-b271-496c-b800-d7cbf57ffbd0,201,success,2077.64
276,536cd6ac-6fc0-4785-856e-6e43c504042a,201,success,2075.73
277,a830d622-de2a-43e0-bcde-291d2d66cf4a,201,success,2093.75
278,112641ec-5fcf-4f5a-88a6-24860b6335bb,201,success,2075.68
279,de0e09e3-f9b6-4f9c-9134-332e916cd7d3,201,success,2066.29
280,bb811ea7-e63b-438f-9528-f814c4100bbe,201,success,2080.36
281,3e663620-f8e9-4c91-aff6-af784c8401f4,201,success,2064.06
282,96acffe6-fcdb-47f2-b93a-c41840990794,201,success,2062.96
283,5b06dffc-a7d1-4451-8e6c-58516f1203e6,201,success,2066.56
284,e837d98a-8f8b-47c5-a894-6d364265bde6,201,success,2092.96
285,ddd77a08-e2b0-4b7e-8a1b-ae80fc10c49e,201,success,2082.85
286,a79bd1e2-e1e1-440c-99d6-4cfcfba551d1,201,success,2082.07
287,0fcdfbba-85df-4ab3-9ce5-c8822aae9870,201,success,2088.99
288,47a43f15-26f4-42a0-b54a-deab2070edef,201,success,2091.21
289,ad0d11c4-9565-4fcf-8340-7b18db9dcc3b,201,success,2080.59
290,954c30ab-3064-442d-ba57-a9041b390639,201,success,2078.13
291,aa08cbf5-f7ca-4dfc-9bfe-97aad29f223a,201,success,2082.12
292,a7482773-db37-4a6e-b6e0-4caace0de20c,201,success,2081.62
293,5ad45db5-31a5-43c6-9d63-78f2d06ea0e6,201,success,2077.73
294,150e705b-aafb-4347-84b0-ce8b423368b2,201,success,2088.05
295,be07574c-3218-47b9-a73c-9230b178eae3,201,success,2065.44
296,6be44ed7-10bc-4289-ab17-4593b9edbd2d,201,success,2072.61
297,70ddbc9c-23f6-40d7-a09d-7990757b6887,201,success,2088.42
298,dbcd0858-1003-4f8d-907d-6cb2855114fc,201,success,2085.44
299,2d659049-fb79-4d22-9050-cc3955ddc6ee,201,success,2075.46
300,9487cab2-67bc-4015-87e8-c4ddc52481f4,201,success,2099.14
301,dd88af59-4ac4-492b-8d88-c51afce38a21,201,success,2077.23
302,74cfe3eb-c8ad-41d7-8a98-f8bcedfa2eab,201,success,2080.37
303,5468a435-c556-4144-8d16-5d06b34922a2,201,success,2081.88
304,b6c54cc2-5bbb-4c64-bb26-3f4bceac6aca,201,success,2107.86
305,59f3da99-e976-49ac-aaa0-da7a4c0febae,201,success,2085.28
306,08e75dfa-8a2a-4bec-9963-28bf27911bf8,201,success,2090.39
307,a194788a-4e98-4a90-86e1-ad090ab3750e,201,success,2078.45
308,ec07d422-35d2-4a98-95bf-a804edba5e54,201,success,2068.01
309,cf1060da-7b51-47e4-97cb-d117eedec136,201,success,2083.85
310,1f5d2099-5e11-44e5-9683-2b30f0a10196,201,success,2073.3
311,fd435820-dac3-41ef-a819-cc6015e3d9ff,201,success,2076.3
312,4eb90d76-f4ac-497d-9b68-fb325c7a6ef6,201,success,2091.63
313,6e68c34c-e9db-4334-bed0-4c88a18fa03d,201,success,2077.82
314,45e5f669-f617-4bb9-a14e-5bc874bb4493,201,success,2090.96
315,d0a1510b-ba13-4e4c-8dc8-1f785a9e0f89,201,success,2076.84
316,28081e4f-2f4f-4120-bebf-331501f9d6c8,201,success,2074.26
317,66605433-9a57-49d4-88fe-73b57992b679,201,success,2085.14
318,63ea584f-1345-470c-8aea-b4064516c20c,201,success,2091.19
319,759c2e10-9853-4d16-9b6b-2a2e815a710c,201,success,2089.47
320,9830eac0-c312-4dba-af0d-ae182f3e2783,201,success,2079.46
321,a9dd2d54-492f-4b5b-9da6-f023b1ee35d6,201,success,2064.26
322,d11b2aef-dc71-4bc3-a2b7-8f92eb2a53e5,201,success,2080.6
323,ca7bb852-7009-4ce0-ab4d-f68a8c935fcf,201,success,2077.16
324,5a36bf26-4cca-4b9f-a49f-9c9434fc2d9b,201,success,2066.71
325,dfcf9510-1f15-4a2d-87b3-49226e75b3c2,201,success,2077.22
326,c84dbb98-4329-4efa-b8cd-041626d36135,201,success,2063.76
327,ae926927-a29f-4a35-8cce-846e85cbd71a,201,success,2079.88
328,a64a5300-bf22-4a92-b759-86bb913c6190,201,success,2078.93
329,1bb4b06e-05e9-42b6-8a89-2a9bb9de1794,201,success,2076.49
330,84cf0693-0f11-469e-ac05-4b26a4866eef,201,success,2070.64
331,3f9a43dd-a3a4-4dcf-a101-16ab3ed70956,201,success,2083.25
332,83c3798a-3dbe-413c-adcc-b87d6c145984,201,success,2069.73
333,7822dec3-e5f5-4404-bb14-002080212233,201,success,2066.32
334,75323d6b-fc19-4f58-98e8-2d41964f62b6,201,success,2072.68
335,49e5219d-da84-4423-86d5-b436b2ec05b6,201,success,2070.41
336,75cd82c9-4f3e-4c5d-a5d6-9e17f1203be4,201,success,2074.9
337,8fcdfb03-29b5-43ab-9825-cf18fc5ddd08,201,success,2087.04
338,38573c6b-5fc8-49eb-b03c-65a641a41f49,201,success,2069.54
339,3253fa35-63ee-4bbf-896d-c9cc64e82688,201,success,2070.0
340,5bbd1896-51a5-4453-9f31-541b61a10847,201,success,2080.42
341,ded9abdf-b2d9-42c1-ad47-bba65721b251,201,success,2079.59
342,22974a73-d77a-40cd-938a-45bf6f36c21a,201,success,2083.89
343,056f6a2b-1647-43b8-86a0-5678fef850f2,201,success,2079.16
344,4cc60323-4c37-45b1-8989-c036ac37aaef,201,success,2073.98
345,833dad30-536e-4e8d-b8d8-463b8a47f629,201,success,2086.49
346,da40171b-31b3-40cc-ac22-07385114ef84,201,success,2086.46
347,df61a1ca-894b-47af-9fff-b07dc25093f0,201,success,2066.18
348,5c83c841-ea68-418f-9655-6768d5ff3f57,201,success,2064.98
349,ef377d8b-6bba-4793-80d3-783fba727866,201,success,2065.36
350,27e7a45a-44c0-44a1-978d-397c22f58003,201,success,2104.82
351,d2a5a7ed-9a26-4f48-a4c3-fba2d343f7e6,201,success,2077.79
352,abe23596-2469-4a49-adb9-11924aad5dbe,201,success,2076.59
353,cef88334-e175-45a0-b1ed-4082021c0c17,201,success,2082.74
354,9c110201-a5e8-4cd7-80dc-d713ae99484d,201,success,2060.26
355,fcea8bb9-f802-449f-93be-623a3311ee87,201,success,2077.31
356,82e1a7a4-e582-47d3-9726-25a557f539a3,201,success,2066.3
357,739b42ec-d15a-4e44-b426-f4503aac1237,201,success,2072.43
358,7643b0eb-7a11-45f3-9fc1-12e88921f91e,201,success,2070.15
359,da41c63c-58ad-43e0-a44b-9e30f3a3d10b,201,success,2072.41
360,f7cfe3d9-ade8-4ae8-80f8-0454e6927a84,201,success,2091.24
361,f1773ecc-a82d-414f-85d5-499b13d7280a,201,success,2061.12
362,f57c48b2-2786-471a-9257-da08909d63b0,201,success,2099.18
363,29049305-0f6d-4fd2-8c97-03271cf70a31,201,success,2089.22
364,098d073f-f0c1-4ad0-8a34-fc6043002a2c,201,success,2088.79
365,6533d2b9-441a-4f2d-b88e-aef37be1aa21,201,success,2075.79
366,ca8607d9-b7a4-4ffb-baef-b7552ff98cec,201,success,2104.16
367,92d208ee-8ea9-429f-9af0-58c8c5220052,201,success,2069.35
368,25e63bbc-9faf-4e4c-90fc-f8f5a45c076b,201,success,2070.25
369,218adca8-0043-424c-bc3e-84548b3dac32,201,success,2063.85
370,cf93b4af-7a53-47f1-8f67-9d07187e6221,201,success,2068.74
371,aa27edbc-8f73-446a-9d4f-13524dc7d2bd,201,success,2067.67
372,fdb9abc5-3997-4956-b37f-484068fa5f66,201,success,2075.07
373,e3e3aa03-b719-4722-b42d-136d577a6385,201,success,2076.31
374,a3dfe217-9862-4bdb-bf8e-e7d3e54fc819,201,success,2088.62
375,6ac62c42-e594-4b27-9024-5531fe4eeed9,201,success,2070.56
376,c4e747bd-b21e-4bb2-a2ae-0dcfe5b62b06,201,success,2086.87
377,1cf20cc7-1622-4628-a4a9-4440788143ab,201,success,2091.26
378,de7e1f21-81b5-490b-b4c8-e812fe2883c6,201,success,2085.23
379,a4fa128d-1967-47de-b5f7-44ba2497140f,201,success,2075.56
380,acf4de05-4f25-4ce3-a4a7-1b6675ea59b4,201,success,2050.63
381,5af2de85-82d4-495e-8795-f9b81fd01ad9,201,success,2068.72
382,e2110301-8783-41e5-87aa-e165ca4a470a,201,success,2081.93
383,e529c917-b1e1-4b4f-a2a5-6d573d819a6d,201,success,2080.43
384,fbd6b59d-0301-4c9f-a307-2197056222e2,201,success,2081.19
385,cf738099-5829-475a-b277-0d69f3d4ddd0,201,success,2082.67
386,97a9224f-3bb3-498d-bf3a-9ffc285e7e26,201,success,2079.38
387,a2aabe78-a3df-4a7a-b448-e0c5befd1219,201,success,2089.51
388,1ed67f84-ddeb-451b-abf0-7b170618d71c,201,success,2077.31
389,947227ce-1537-45c0-8e70-a80afa6cf8eb,201,success,2071.85
390,349c4ff7-277b-475f-be87-7aaed92b0a81,201,success,2083.48
391,673a4cf6-fe16-45ab-bd31-cf4be1459fea,201,success,2068.11
392,c7d2c8cd-bb27-44d6-9c17-c81b926468cf,201,success,2069.95
393,9ba1deba-d98c-4c51-9a7b-1f40851b0e8a,201,success,2072.83
394,93cf6031-adc2-40eb-b08e-71048bd3a00a,201,success,2102.28
395,1b6447d3-9b3f-46a5-9769-e7f1e6d86593,201,success,2085.16
396,f2c84968-ef1b-4ca7-83f4-c4f390399e20,201,success,2071.86
397,a5391a8c-b574-4ffc-beb6-4b3e9320fc2d,201,success,2069.44
398,05732c27-bbe7-4d16-9042-74a184df8745,201,success,2067.26
399,126a5773-5d4d-4c83-a7f6-53f8eb111e5d,201,success,2070.1
400,252249b2-6927-428b-a0b7-5178a2c05c77,201,success,2066.58
401,276b06b5-de33-462c-9caa-2751c1b91215,201,success,2078.79
402,fcbee23e-ac0e-4e04-a32d-cf4080983f70,201,success,2081.57
403,873298eb-b73e-470a-99be-80581b2b63b2,201,success,2076.48
404,a415b660-4b4a-4326-ac2c-6d7811c7240c,201,success,2066.08
405,266e7ea9-da71-4cab-add4-7f859294cbc1,201,success,2066.95
406,6ad5f1bf-0511-42bd-ad68-fb7e8996b8bf,201,success,2083.55
407,27a86733-f152-475f-927f-1ee378b8c5ca,201,success,2077.99
408,3a9f12dc-109f-4690-a49c-8695601f2f43,201,success,2090.86
409,8bb5c0e9-6c4b-4c18-b037-6dfc186bb678,201,success,2070.5
410,dec1cb4f-1d2e-45b2-9996-0c3c65a0351a,201,success,2079.34
411,241f2cda-3d3c-4169-a59e-6d8c3febf7df,201,success,2082.96
412,70fb4699-beb3-4c7c-b1c9-37e23cbe3b5c,201,success,2080.14
413,b38f479f-9496-4940-bdd5-9a59dbfe7525,201,success,2075.69
414,c76c88c6-a839-41cc-8ee2-bd0c267893a6,201,success,2092.55
415,efb019e1-e126-4252-92a9-a1f32fa19264,201,success,2091.84
416,3b3c56fa-cdf5-4f79-b143-b59e9f347c1a,201,success,2086.29
417,a306b1bf-769b-4151-a812-aad47c008d1c,201,success,2088.72
418,48c29e14-e04f-4109-9f6b-f42c14e05008,201,success,2077.43
419,bd62fddf-0816-45c8-bc12-0a20e2b137cc,201,success,2071.62
420,fd851bfa-2d1a-43e2-840e-5cfd7392c889,201,success,2075.12
421,c4ba0086-edc0-4e58-85a3-21d98f3cfb33,201,success,2058.66
422,c62236aa-62c8-4ecf-a468-0043f7d63a68,201,success,2076.49
423,3039f2cc-855b-4ee9-ae7d-13755bd30138,201,success,2089.27
424,a40dafdd-de2a-4846-9b58-3b93abd42cb4,201,success,2060.17
425,1f859051-0167-409d-a93e-e1982d4bcc2d,201,success,2078.5
426,97d41ad5-d2b1-46be-a92a-97cf829fa740,201,success,2080.13
427,28f4bb30-9511-4647-9a53-186736346454,201,success,2078.59
428,ccb6eaf8-8be2-42c0-afde-e974232a220c,201,success,2071.01
429,1519d8e9-6132-4dcd-b3d0-7a7e1d7002cf,201,success,2070.02
430,6eec68f6-6e8b-4fa9-935e-107c14ffb75d,201,success,2060.06
431,635891f2-d826-4d1a-bc09-cf4043e5e451,201,success,2090.88
432,b3a40354-9572-4b3b-9f67-42d08a785763,201,success,2063.32
433,c4b211c1-459e-413d-8264-09a462b5dec8,201,success,2075.49
434,59362f44-ae73-42ea-85d7-59a992d65f66,201,success,2060.55
435,8b89991b-eb41-45d4-bf82-0d7f41607aca,201,success,2088.61
436,a8b57dd4-fd41-487e-9ebe-5898db15640e,201,success,2096.9
437,d422f5f6-a2d9-4b9d-9a50-06abcbab36d3,201,success,2080.64
438,9259cf73-7325-4d11-81f1-4f15262f4e2d,201,success,2083.45
439,ff17a409-934e-49e1-8e97-7c1fca7aa96b,201,success,2088.39
440,33721d99-54e7-4f7d-abdc-80b464f24119,201,success,2077.11
441,a853b262-4938-410b-b164-68d0765e6166,201,success,2090.71
442,3e285ba6-9792-4f9c-843d-110c154b37da,201,success,2088.67
443,1252ac9e-4ed5-4b77-a574-1e788baf6296,201,success,2091.1
444,a0882565-d366-4e55-9d8b-b0e324cabb83,201,success,2093.65
445,41e15232-18ca-4fba-ab47-3e37bbf794f8,201,success,2099.26
446,f9729633-8647-4807-a569-c245abe93265,201,success,2091.92
447,27a19d2a-8338-4614-b82d-1892dea32c6b,201,success,2075.52
448,a994eee9-42b0-454d-9f13-d8618ca22aff,201,success,2075.62
449,3489a16a-819d-4609-9f4a-0afb4c0bd45f,201,success,2070.73
450,d0f17b9c-d971-44a3-bc2f-a366e6529faf,201,success,2068.65
451,67fcf1e0-ac93-4b38-a641-b3898c4656e0,201,success,2068.9
452,8cf54291-bcbd-437a-8aa5-ddcb43c64cf2,201,success,2053.7
453,8378092a-8e9e-40a9-ac89-e38d0b027f26,201,success,2075.12
454,1e720d9d-55f6-4e9f-9e4c-e3af454015fd,201,success,2095.53
455,efb676d0-458e-45d2-8ae3-b955c7e2b347,201,success,2084.68
456,e8bf9d9d-cffc-4e7a-b038-eac823c86ad9,201,success,2092.59
457,25291e4b-3ac4-4daa-8e67-ffcaea35b1ce,201,success,2089.53
458,8ddf6f61-03a4-40f3-bb55-81b6d57e9818,201,success,2088.76
459,fa5a37a2-5b44-49dd-a549-22d3965d947b,201,success,2074.51
460,781ceffb-0e81-4fb5-82ca-779744d0d6e8,201,success,2077.15
461,cc571d8c-442a-4793-9091-fa150e3159d5,201,success,2078.52
462,15c7bb41-2e3b-4c0e-9766-e54828f18455,201,success,2092.01
463,49fd2cdb-8ecc-44f7-8469-c48a4fea014b,201,success,2073.13
464,31029df4-e175-4483-bb27-82763683453f,201,success,2068.17
465,2d6d35f0-64a6-46b0-bfca-fe9c46d1d59a,201,success,2095.66
466,e6f13a70-950f-494c-ac7b-4b700254ddbf,201,success,2093.82
467,a4c07b92-5df5-4ef2-b95d-72e1ce297c63,201,success,2085.83
468,478ca2cc-6b2c-435f-a104-94c88105e059,201,success,2085.09
469,0b94de31-e91d-433b-bf0b-c2a5cf750360,201,success,2097.13
470,77b460c8-8e16-425f-8af4-66198556e50a,201,success,2076.52
471,d5d78a18-0c11-4445-8aa0-f3761fe72e78,201,success,2072.28
472,de4371b5-a05a-432a-ba7f-5f406d055269,201,success,2060.54
473,c0c9b576-3a5c-44ce-b52f-620c83335216,201,success,2073.37
474,1f928c7f-34a7-453b-9831-d18163c9fcb3,201,success,2085.89
475,9f2ecec3-66e4-4525-9ed4-bc5c0e0f750d,201,success,2069.78
476,26608f3f-cf24-4672-a169-ff5dae123d70,201,success,2076.86
477,757cbc40-e84d-444d-83d6-673e0e7cfa25,201,success,2077.98
478,1a9b78ba-3e56-4714-a384-591ffe32cf83,201,success,2076.83
479,99270c6a-2c0d-421b-a7e1-9cc75b593c9e,201,success,2065.22
480,17420375-eb14-4fe8-b091-a4e66dc0d172,201,success,2079.55
481,fb7d2005-4adf-4895-8822-93f162c6b1d1,201,success,2082.68
482,d93b9175-273f-4f40-a7ec-a9bb73c7c56a,201,success,2065.99
483,6633f5ed-cd29-4861-953c-b5cce95e034b,201,success,2082.32
484,c88957b2-f974-4fbe-8da7-1a0dcd8364f1,201,success,2082.11
485,a49ba54e-ab5c-4072-9b44-2cca5eae8967,201,success,2083.85
486,b0ed6665-3b91-4734-aa28-461bf99e1e42,201,success,2084.4
487,ed480e61-2175-40f8-ad14-09509851b7d8,201,success,2114.88
488,11e1fa55-61fa-4f87-9658-3b4ef1dce8af,201,success,2090.52
489,b2d3ac5b-7b1f-410e-ab2e-c2ee81be268a,201,success,2080.31
490,ddf1a901-7032-48ed-b080-11c6137720e3,201,success,2072.76
491,f0805b5c-eb07-41c9-89c3-64f9f7e18403,201,success,2072.93
492,1b4a2ee8-4fa4-41b1-bdfc-053fee9b3118,201,success,2072.96
493,0f424e7e-55b7-49b8-adaa-65450fe0fb01,201,success,2071.41
494,74e1d606-63ab-4867-ac17-17d23805fa4b,201,success,2069.35
495,f0644319-fc05-4122-8123-a3591ead36ae,201,success,2068.09
496,71b65d5d-6c18-4eac-b817-3241f983e296,201,success,2068.56
497,83008690-bf2a-402f-aa9b-7dfdb6412915,201,success,2065.86
498,d1a707f2-9316-4c11-bfa2-0edcd77839c7,201,success,2053.71
499,9ecd2a41-1538-410a-ab1b-dbe19398536f,201,success,2093.55
